Positive,"""The new teaching methods have significantly improved student engagement."""
Negative,"""The school lacks proper facilities for extracurricular activities."""
Neutral,"""The textbook covers a wide range of topics but lacks depth in some areas."""
Positive,"""The students showed remarkable progress in their math skills this semester."""
Negative,"""The classroom environment is noisy and disruptive, making it difficult to concentrate."""
Neutral,"""The teacher's explanation of the topic was clear and easy to understand."""
Positive,"""The educational field trip was both informative and enjoyable."""
Negative,"""The school's budget cuts have resulted in fewer resources for art programs."""
Neutral,"""The homework assignments are manageable and reinforce what was taught in class."""
Positive,"""The introduction of technology in the classroom has enhanced learning opportunities."""
Negative,"""There is a lack of diversity in the curriculum, which limits students' exposure to different perspectives."""
Neutral,"""The school cafeteria offers a variety of healthy options for students to choose from."""
Positive,"""The teacher provides constructive feedback to help students improve their writing skills."""
Negative,"""The outdated textbooks do not align with the current curriculum standards."""
Neutral,"""The guest speaker provided valuable insights into the field of STEM careers."""
Positive,"""The after-school tutoring program has helped struggling students improve their grades."""
Negative,"""The school's disciplinary policies are inconsistently enforced."""
Neutral,"""The school library has a diverse collection of books for students to explore."""
Positive,"""The collaborative projects encourage teamwork and critical thinking skills."""
Negative,"""The lack of support for students with learning disabilities is concerning."""
Neutral,"""The school organizes informative workshops for parents on topics such as college readiness."""
Positive,"""The online resources provided by the school are comprehensive and easy to access."""
Negative,"""The classroom is overcrowded, making it difficult for students to get individualized attention."""
Neutral,"""The school counselor is available to provide guidance and support to students as needed."""
Positive,"""The extracurricular clubs offer students opportunities to pursue their interests outside of the classroom."""
Negative,"""The school's policy on cell phone use is too strict and does not reflect the realities of modern technology."""
Neutral,"""The school encourages students to participate in community service activities to foster a sense of responsibility."""
Positive,"""The school implements innovative teaching strategies to cater to diverse learning styles."""
Negative,"""The lack of funding for music programs has led to the cancellation of the school band."""
Neutral,"""The school regularly updates parents on their child's progress through progress reports and parent-teacher conferences."""
Positive,"""The school's commitment to inclusivity creates a welcoming environment for all students."""
Negative,"""The school's dress code policy is outdated and unfairly targets certain groups of students."""
Neutral,"""The school bus transportation system ensures that students arrive safely and on time."""
Positive,"""The school's emphasis on character education fosters a positive school culture."""
Negative,"""The lack of updated technology in classrooms hinders students' preparation for the modern workforce."""
Neutral,"""The school's sports teams have had mixed success in recent tournaments."""
Positive,"""The teacher's passion for the subject inspires students to excel."""
Negative,"""The school's policy on bullying needs to be more effectively enforced."""
Neutral,"""The school assembly featured presentations from guest speakers on various career paths."""
Positive,"""The introduction of a mindfulness program has improved students' focus and emotional well-being."""
Negative,"""The school's outdated infrastructure is in need of renovation."""
Neutral,"""The school offers a range of elective courses to cater to diverse student interests."""
Positive,"""The school's commitment to environmental sustainability is evident in its recycling and conservation efforts."""
Negative,"""The lack of access to updated textbooks puts students at a disadvantage."""
Neutral,"""The school's parent-teacher association organizes fundraisers to support educational initiatives."""
Positive,"""The implementation of project-based learning has enhanced students' problem-solving skills."""
Negative,"""The school's disciplinary actions are inconsistent and often unfair."""
Neutral,"""The school hosts career fairs to expose students to various professions."""
Positive,"""The school's support services for students with special needs are comprehensive and effective."""
Negative,"""The school's sports facilities are inadequate and in need of improvement."""
Neutral,"""The school offers college preparation workshops to help students navigate the application process."""
Positive,"""The school's music program provides students with opportunities for artistic expression."""
Negative,"""The school's outdated teaching methods fail to engage students effectively."""
Neutral,"""The school partners with local businesses to provide internship opportunities for students."""
Positive,"""The school's commitment to diversity and inclusion creates a welcoming environment for all students."""
Negative,"""The school's lack of investment in teacher training results in ineffective instruction."""
Neutral,"""The school encourages students to participate in community service projects to give back to their community."""
Positive,"""The school's extracurricular activities offer students opportunities for leadership development."""
Negative,"""The school's cafeteria food quality needs improvement."""
Neutral,"""The school organizes cultural events to celebrate diversity and promote cultural understanding."""
Positive,"""The school's technology integration initiatives prepare students for success in a digital world."""
Negative,"""The school's budget constraints limit the availability of resources for student enrichment."""
Neutral,"""The school provides support for students transitioning to high school through orientation programs."""
Positive,"""The school's partnerships with local organizations enhance students' learning experiences."""
Negative,"""The school's lack of emphasis on arts education neglects students' creative development."""
Neutral,"""The school offers tutoring services to students who need additional academic support."""
Positive,"""The school's commitment to student safety is evident through its security measures."""
Negative,"""The lack of access to technology at home hinders students' ability to complete assignments."""
Neutral,"""The school's drama club puts on impressive productions each year."""
Positive,"""The school's career counseling services help students explore future career paths."""
Negative,"""The school's disciplinary policies are overly punitive and do not address root causes of behavior issues."""
Neutral,"""The school organizes field trips to museums and cultural sites to enrich students' learning experiences."""
Positive,"""The school's library provides a quiet space for students to study and research."""
Negative,"""The school's outdated curriculum fails to prepare students for the demands of the modern workforce."""
Neutral,"""The school encourages students to participate in sports for physical fitness and teamwork."""
Positive,"""The school's peer tutoring program provides valuable academic support to struggling students."""
Negative,"""The lack of diversity among teachers hampers students' exposure to different perspectives."""
Neutral,"""The school hosts parent education workshops on topics such as college planning and adolescent development."""
Positive,"""The school's investment in technology enhances classroom learning experiences."""
Negative,"""The school's overcrowded classrooms impede individualized instruction."""
Neutral,"""The school celebrates cultural diversity through events like International Day."""
Positive,"""The school's emphasis on community service fosters a sense of civic responsibility in students."""
Negative,"""The school's disciplinary procedures lack consistency and transparency."""
Neutral,"""The school partners with local businesses to offer internship opportunities to students."""
Positive,"""The school's commitment to inclusive education ensures that all students have access to quality learning experiences."""
Negative,"""The lack of support for students with learning disabilities is a significant concern."""
Neutral,"""The school sponsors academic competitions to challenge students' critical thinking skills."""
Positive,"""The school's implementation of restorative justice practices promotes positive behavior and conflict resolution."""
Negative,"""The school's budget cuts have resulted in the elimination of essential programs."""
Neutral,"""The school provides resources for parents to support their child's learning at home."""
Positive,"""The school's commitment to environmental sustainability is reflected in its recycling and composting initiatives."""
Negative,"""The school's outdated facilities are in need of renovation."""
Neutral,"""The school offers college preparatory courses to help students succeed academically."""
Positive,"""The school's arts programs provide students with opportunities for creative expression."""
Negative,"""The lack of mental health support services at the school is concerning."""
Neutral,"""The school collaborates with community organizations to provide students with enrichment opportunities."""
Positive,"""The school's use of technology enhances communication between teachers, students, and parents."""
Negative,"""The school's lack of funding for extracurricular activities limits students' opportunities for enrichment."""
Neutral,"""The school offers support for students transitioning to new schools or grade levels."""
Positive,"""The school's commitment to social-emotional learning promotes students' well-being and academic success."""
Negative,"""The school's transportation system is unreliable and often causes students to arrive late."""
Neutral,"""The school hosts career exploration days to introduce students to various professions."""