positive,The company reported a significant increase in revenue this quarter.
negative,The stock prices have dropped drastically due to poor performance.
neutral,The board has announced the appointment of a new CEO.
positive,Investors are optimistic about the new product launch next month.
negative,There has been a major setback in the company's expansion plans.
neutral,The annual general meeting will be held next Friday.
positive,The company's profits have surpassed market expectations.
negative,The lawsuit has caused a severe dip in the stock prices.
neutral,The company's headquarters will be relocated to a new city.
positive,The merger with the tech giant is expected to boost profits.
negative,The recent cyber attack has compromised customer data.
neutral,The quarterly report was released today.
positive,The new partnership deal is expected to enhance market reach.
negative,"The CFO resigned unexpectedly, leading to uncertainty in the market."
neutral,The company is planning to introduce new policies for better governance.
positive,The dividend payout has been increased by 10%.
negative,The product recall has caused a negative impact on the brand's reputation.
neutral,The company announced a new marketing campaign.
positive,The new technology adoption has improved operational efficiency.
negative,The company's debt levels have risen significantly.
neutral,The shareholders' meeting is scheduled for next week.
positive,The strategic acquisition is likely to open new business avenues.
negative,The supply chain disruption has affected production.
neutral,The company will release its next earnings report in two weeks.
positive,The launch of the new product line has been well received by customers.
negative,The market reaction to the earnings report has been unfavorable.
neutral,The CEO will address the media in a press conference tomorrow.
positive,The company's stock has reached an all-time high.
negative,The new regulation poses challenges for the company's operations.
neutral,The company's sustainability report will be published soon.
positive,The cost-cutting measures have improved profitability.
negative,The company's market share has declined due to competition.
neutral,The annual report highlights key achievements and future plans.
positive,The expansion into international markets is yielding positive results.
negative,The management turmoil has caused instability in the company.
neutral,The company has scheduled a webcast to discuss the quarterly results.
positive,The favorable market conditions have driven growth.
negative,The project delays have increased costs.
neutral,The company is planning to upgrade its IT infrastructure.
positive,The successful fundraising round will support future projects.
negative,The financial scandal has damaged the company's credibility.
neutral,The interim CEO has been appointed.
positive,The new product received positive reviews from industry experts.
negative,The cost overruns have led to financial strain.
neutral,The company will launch a new website next month.
positive,The strategic alliance with the competitor has been praised by analysts.
negative,The company is facing a class-action lawsuit.
neutral,The investor call will take place on Monday.
positive,The new advertising campaign has increased brand visibility.
negative,The labor strike has halted production at the main plant.
neutral,The company will hold a virtual town hall meeting.
positive,The new product pipeline looks promising for the coming year.
negative,The company has been fined for regulatory non-compliance.
neutral,The financial outlook for the next quarter will be discussed in the next meeting.
positive,The positive earnings report has boosted investor confidence.
negative,The executive compensation controversy has sparked shareholder outrage.
neutral,The new office in New York will open next month.
positive,The company's innovative solutions have won several industry awards.
negative,The market downturn has negatively impacted the company's financial performance.
neutral,The company is exploring new investment opportunities.
positive,The successful pilot project is set to be expanded nationwide.
negative,The weak sales performance has led to a revision of the earnings forecast.
neutral,The new HR policy will be implemented from the next quarter.
positive,The collaboration with the leading tech firm has been well received.
negative,The layoffs have resulted in a negative public perception.
neutral,The company is conducting a survey to gather employee feedback.
positive,The company's renewable energy initiatives have gained recognition.
negative,The high turnover rate is a cause for concern.
neutral,The CFO will present the financial results at the next board meeting.
positive,The robust supply chain has ensured timely delivery of products.
negative,The failure to meet regulatory standards has resulted in penalties.
neutral,The new training program for employees will start next month.
positive,The company has signed a major contract with an international client.
negative,The competitive pressures have eroded profit margins.
neutral,The annual audit report will be published next week.
positive,The strategic initiatives have positioned the company for long-term growth.
negative,The product launch was delayed due to technical issues.
neutral,The company will host an investor day to outline its future strategy.
positive,The new manufacturing facility has increased production capacity.
negative,The company has faced significant backlash from environmental groups.
neutral,The company's risk management framework has been updated.
positive,The new CEO's vision for the company has been well received by the board.
negative,The decline in consumer spending has affected sales.
neutral,The company will participate in the upcoming industry conference.
positive,The company's social responsibility initiatives have been praised.
negative,The breach of contract case has led to financial losses.
neutral,The company will publish a whitepaper on market trends.
positive,The company's new customer loyalty program has been a success.
negative,The unfavorable economic conditions have impacted the company's growth plans.
neutral,The company has entered into a joint venture with a local firm.
positive,The investment in research and development is starting to pay off.
negative,The supply shortages have disrupted operations.
neutral,The company will implement a new software system to enhance productivity